{
  "version": "2026-04-25T04:03:39.788Z",
  "modelType": "standardized_logistic_regression",
  "threshold": 0.5,
  "trainingRows": 40,
  "trainingAccuracy": 1,
  "featureNames": [
    "url_length",
    "hostname_length",
    "digit_count",
    "special_char_count",
    "dot_count",
    "hyphen_count",
    "subdomain_count",
    "has_ip_address",
    "has_at_symbol",
    "uses_https",
    "suspicious_word_count",
    "shortener_domain",
    "risky_tld",
    "query_length",
    "path_depth",
    "hostname_entropy"
  ],
  "weights": {
    "url_length": 0.6841226014464287,
    "hostname_length": 0.5012429789768044,
    "digit_count": 0.5366559329569777,
    "special_char_count": 0.8192316280705465,
    "dot_count": -0.15317983801204782,
    "hyphen_count": 0.6613925638593822,
    "subdomain_count": -0.15317983801204776,
    "has_ip_address": 0.5366559329569777,
    "has_at_symbol": 0.25601294099943156,
    "uses_https": -1.7982583912692298,
    "suspicious_word_count": 1.0777428247594605,
    "shortener_domain": 1.0534845326745097,
    "risky_tld": 1.122269553273619,
    "query_length": 0,
    "path_depth": 0.2539900580595384,
    "hostname_entropy": 0.3696133166745906
  },
  "bias": 0.2533724184053972,
  "means": {
    "url_length": 37.05,
    "hostname_length": 22.15,
    "digit_count": 0.2,
    "special_char_count": 2.25,
    "dot_count": 1.775,
    "hyphen_count": 1.05,
    "subdomain_count": 0.775,
    "has_ip_address": 0.025,
    "has_at_symbol": 0.025,
    "uses_https": 0.5,
    "suspicious_word_count": 1.875,
    "shortener_domain": 0.05,
    "risky_tld": 0.4,
    "query_length": 0,
    "path_depth": 0.85,
    "hostname_entropy": 3.500825000000001
  },
  "stds": {
    "url_length": 14.039141711657447,
    "hostname_length": 11.27730020882658,
    "digit_count": 1.2489995996796794,
    "special_char_count": 1.5612494995995996,
    "dot_count": 0.85110222652746,
    "hyphen_count": 1.5483862567202022,
    "subdomain_count": 0.8511022265274603,
    "has_ip_address": 0.15612494995995993,
    "has_at_symbol": 0.15612494995995996,
    "uses_https": 0.5,
    "suspicious_word_count": 1.8328597873268975,
    "shortener_domain": 0.21794494717703364,
    "risky_tld": 0.4898979485566357,
    "query_length": 1,
    "path_depth": 0.6538348415311013,
    "hostname_entropy": 0.46011128477249935
  }
}
